{"name":"77283e94-1d24-4016-a3dd-b847ec661968","id":"/providers/Microsoft.Flow/flows/77283e94-1d24-4016-a3dd-b847ec661968","type":"Microsoft.Flow/flows","properties":{"apiId":"/providers/Microsoft.PowerApps/apis/shared_logicflows","displayName":"Agregar un elemento en SharePoint y enviar un correo electrónico","definition":{"metadata":{"workflowEntityId":null,"processAdvisorMetadata":null,"flowChargedByPaygo":null,"flowclientsuspensionreason":"None","flowclientsuspensiontime":null,"flowclientsuspensionreasondetails":null,"creator":{"id":"0dd9afef-de07-4106-9013-a416b1b50f1f","type":"User","tenantId":"c65a3ea6-0f7c-400b-8934-5a6dc1705645"},"provisioningMethod":"FromDefinition","failureAlertSubscription":true,"clientLastModifiedTime":"2025-04-29T14:15:36.9889826Z","connectionKeySavedTimeKey":"2025-04-29T14:15:36.9889826Z","creationSource":"PowerappsPpux","modifiedSources":"PowerappsPpux"},"$schema":"https://schema.management.azure.com/providers/Microsoft.Logic/schemas/2016-06-01/workflowdefinition.json#","contentVersion":"1.0.0.0","parameters":{"$connections":{"defaultValue":{},"type":"Object"},"$authentication":{"defaultValue":{},"type":"SecureObject"}},"triggers":{"manual":{"metadata":{"operationMetadataId":"fe44592c-776b-4435-a48a-5d8cf3828020"},"type":"Request","kind":"PowerAppV2","inputs":{"schema":{"type":"object","properties":{"Createitem_SiteAddress":{"type":"string","description":"Example: https://contoso.sharepoint.com/sites/sitename","x-ms-powerflows-param-ispartial":false},"Createitem_ListName":{"type":"string","description":"SharePoint list name","x-ms-powerflows-param-ispartial":false},"Createitem_Item":{"type":"any","description":"Item to create","x-ms-powerflows-param-ispartial":false},"Sendanemail_To":{"type":"string","format":"email","description":"Specify email addresses separated by semicolons like someone@contoso.com","x-ms-powerflows-param-ispartial":false},"Sendanemail_Subject":{"type":"string","description":"Specify the subject of the mail","x-ms-powerflows-param-ispartial":false},"Sendanemail_Body":{"type":"string","format":"html","description":"Specify the body of the mail.","x-ms-powerflows-param-ispartial":true}},"required":["Createitem_SiteAddress","Createitem_ListName","Createitem_Item","Sendanemail_To","Sendanemail_Subject","Sendanemail_Body"]}}}},"actions":{"Create_item":{"runAfter":{},"metadata":{"operationMetadataId":"56877c09-d8a5-4af9-a8be-c603f86a926e"},"type":"OpenApiConnection","inputs":{"host":{"apiId":"/providers/Microsoft.PowerApps/apis/shared_sharepointonline","connectionName":"shared_sharepointonline","operationId":"PostItem"},"parameters":{"dataset":"@triggerBody()['Createitem_SiteAddress']","table":"@triggerBody()['Createitem_ListName']","item":"@triggerBody()['Createitem_Item']"},"authentication":{"value":"@json(decodeBase64(triggerOutputs().headers['X-MS-APIM-Tokens']))['$ConnectionKey']","type":"Raw"}}},"Send_an_email":{"runAfter":{"Create_item":["Succeeded"]},"metadata":{"operationMetadataId":"de9abe94-dc0c-4c2f-9b4b-785d2103e0b9"},"type":"OpenApiConnection","inputs":{"host":{"apiId":"/providers/Microsoft.PowerApps/apis/shared_office365","connectionName":"shared_office365","operationId":"SendEmailV2"},"parameters":{"emailMessage/To":"@triggerBody()['Sendanemail_To']","emailMessage/Subject":"@triggerBody()['Sendanemail_Subject']","emailMessage/Body":"<p>@{triggerBody()['Sendanemail_Body']}</p>"},"authentication":{"value":"@json(decodeBase64(triggerOutputs().headers['X-MS-APIM-Tokens']))['$ConnectionKey']","type":"Raw"}}}},"outputs":{},"description":"Permite agregar elementos nuevos a una lista de SharePoint y, luego, enviar un correo electrónico al seleccionar un botón o un vínculo en Power Apps."},"connectionReferences":{"shared_sharepointonline":{"connectionName":"4f34ed0e61044f63be4683b3c503fa1a","source":"Invoker","id":"/providers/Microsoft.PowerApps/apis/shared_sharepointonline","tier":"NotSpecified","apiName":"sharepointonline"},"shared_office365":{"connectionName":"6ef3dc8973594092a98e042e190364dd","source":"Invoker","id":"/providers/Microsoft.PowerApps/apis/shared_office365","tier":"NotSpecified","apiName":"office365"}},"flowFailureAlertSubscribed":false,"isManaged":false}}