{"schemaVersion":"1.0","appDefinitionTemplate":{"id":"/providers/Microsoft.PowerApps/apps/","type":"Microsoft.PowerApps/apps","tags":{"primaryDeviceWidth":"1366","primaryDeviceHeight":"768","supportsPortrait":"false","supportsLandscape":"true","primaryFormFactor":"Tablet","showStatusBar":"false","publisherVersion":"3.25042.10","minimumRequiredApiVersion":"2.2.0","hasComponent":"false","hasUnlockedComponent":"false","isUnifiedRootApp":"false","sienaVersion":"20250603T015951Z-3.25053.6.0"},"properties":{"appVersion":"2025-05-02T17:07:50Z","lifeCycleId":"Published","createdByClientVersion":{"major":3,"minor":25042,"build":10,"revision":0,"majorRevision":0,"minorRevision":0},"minClientVersion":{"major":3,"minor":25042,"build":10,"revision":0,"majorRevision":0,"minorRevision":0},"backgroundColor":"rgba(140, 82, 255, 1)","backgroundImageUri":"/8821012242282816799/Nb0e0fdf8-b9a6-4d9b-b250-0060d61e8efd-logoSmallFile","displayName":"Morfosis","description":"Plataforma de gestión segura de documentos internos para Casa Monarca.","commitMessage":"","appUris":{"documentUri":{"value":"/8821012242282816799/Nb80c4304-6f98-40ea-a101-2581e5a06019-document.msapp"},"imageUris":[],"additionalUris":[{"isSolutionAware":false,"value":"/8821012242282816799/N4930af00-a5c5-43f8-b8dd-6c774626b11b-identity.json"}]},"createdTime":"0001-01-01T00:00:00Z","lastModifiedTime":"0001-01-01T00:00:00Z","sharedGroupsCount":0,"sharedUsersCount":0,"connectionReferences":{"631c0fb0-c91e-4afb-8b11-cba5d6872f5e":{"id":"33a855f5-41d1-4049-8de1-892548ee0195","displayName":"Office 365 Users","iconUri":"https://conn-afd-prod-endpoint-bmc9bqahasf3grgk.b01.azurefd.net/releases/v1.0.1746/1.0.1746.4174/office365users/icon.png","dataSources":["Office365Users","UsuariosdeOffice365"],"dependencies":[],"dependents":[],"parameterHints":{},"parameterHintsV2":{},"isOnPremiseConnection":false,"bypassConsent":false,"dataSets":{},"apiTier":"Standard","isCustomApiConnection":false},"3e990f5f-a334-4e3e-960b-5ba326f81694":{"id":"86babf0d-42a0-48f0-beca-39c2ba60eece","displayName":"Planner","iconUri":"https://conn-afd-prod-endpoint-bmc9bqahasf3grgk.b01.azurefd.net/releases/v1.0.1745/1.0.1745.4169/planner/icon.png","dataSources":["Planner"],"dependencies":[],"dependents":[],"parameterHints":{},"parameterHintsV2":{},"isOnPremiseConnection":false,"bypassConsent":false,"dataSets":{},"apiTier":"Standard","isCustomApiConnection":false},"88440dcb-31dd-4475-b013-ba3ac5e68e51":{"id":"f5242d00-f0e7-4bed-a765-f5a9ae07520b","displayName":"Office 365 Outlook","iconUri":"https://conn-afd-prod-endpoint-bmc9bqahasf3grgk.b01.azurefd.net/releases/v1.0.1747/1.0.1748.4181/office365/icon.png","dataSources":["Office365"],"dependencies":[],"dependents":["6c397c5a-326e-4030-8777-e3cb3ae17257"],"parameterHints":{},"parameterHintsV2":{},"isOnPremiseConnection":false,"bypassConsent":false,"dataSets":{},"apiTier":"Standard","isCustomApiConnection":false},"7492cf69-cc78-477d-9fc8-986387722984":{"id":"9dda52c2-2782-4861-a27d-8cc453bd7f07","displayName":"OneNote (Business)","iconUri":"https://conn-afd-prod-endpoint-bmc9bqahasf3grgk.b01.azurefd.net/releases/v1.0.1712/1.0.1712.3877/onenote/icon.png","dataSources":["OneNote(Business)"],"dependencies":[],"dependents":[],"parameterHints":{},"parameterHintsV2":{},"isOnPremiseConnection":false,"bypassConsent":false,"dataSets":{},"apiTier":"Standard","isCustomApiConnection":false},"6c397c5a-326e-4030-8777-e3cb3ae17257":{"id":"fd26eee5-d775-4ef2-bb9f-ee6a20724ab7","displayName":"Logic flows","iconUri":"https://conn-afd-prod-endpoint-bmc9bqahasf3grgk.b01.azurefd.net/releases/v1.0.1745/1.0.1745.4169/logicflows/icon.png","dataSources":["AgregarunelementoenSharePointyenviaruncorreoelectrónico"],"dependencies":["3c6054ce-b7cf-4495-870d-ad9ffb2383e9","88440dcb-31dd-4475-b013-ba3ac5e68e51"],"dependents":[],"parameterHints":{"workflowName":{"value":"dc6ebbf2-2b7e-4b4a-aaf0-491bab74142a"},"workflowEntityId":{},"workflowDisplayName":{"value":"Agregar un elemento en SharePoint y enviar un correo electrónico"},"3c6054ce-b7cf-4495-870d-ad9ffb2383e9":{"value":"shared_sharepointonline"},"88440dcb-31dd-4475-b013-ba3ac5e68e51":{"value":"shared_office365"}},"parameterHintsV2":{"workflowName":{"value":"dc6ebbf2-2b7e-4b4a-aaf0-491bab74142a"},"workflowEntityId":{},"workflowDisplayName":{"value":"Agregar un elemento en SharePoint y enviar un correo electrónico"},"shared_sharepointonline":{"value":"3c6054ce-b7cf-4495-870d-ad9ffb2383e9"},"shared_office365":{"value":"88440dcb-31dd-4475-b013-ba3ac5e68e51"}},"isOnPremiseConnection":false,"bypassConsent":false,"dataSets":{},"apiTier":"Standard","isCustomApiConnection":false,"nestedActions":[{"id":"/providers/Microsoft.PowerApps/apis/shared_sharepointonline/apiOperations/PostItem","flowConnectionRef":"shared_sharepointonline","apiName":"SharePoint","actionName":"PostItem","referencedResources":[{"key":"site","value":"[DYNAMIC_VALUE]"},{"key":"list","value":"[DYNAMIC_VALUE]"},{"key":"site","value":"[DYNAMIC_VALUE]"}]},{"id":"/providers/Microsoft.PowerApps/apis/shared_office365/apiOperations/SendEmailV2","flowConnectionRef":"shared_office365","apiName":"Office 365 Outlook","actionName":"SendEmailV2","referencedResources":[]}]},"3c6054ce-b7cf-4495-870d-ad9ffb2383e9":{"id":"40903a40-e953-4157-8f48-9f5ede2b3d78","displayName":"SharePoint","iconUri":"https://conn-afd-prod-endpoint-bmc9bqahasf3grgk.b01.azurefd.net/releases/v1.0.1745/1.0.1745.4169/sharepointonline/icon.png","dataSources":["Documentos"],"dependencies":[],"dependents":["6c397c5a-326e-4030-8777-e3cb3ae17257"],"parameterHints":{},"parameterHintsV2":{},"isOnPremiseConnection":false,"bypassConsent":false,"dataSets":{"https://tecmx.sharepoint.com/sites/F1020B_304":{"dataSources":{"Documentos":{"tableName":"9ac217b3-33f7-438f-86fd-4549c7e1a009"}}}},"apiTier":"Standard","isCustomApiConnection":false},"e78c4d5c-dfaf-4744-a5ac-d547d58b2075":{"id":"31195815-004d-4ded-ac95-094e0112615a","displayName":"SQL Server","runtimePolicyName":"4c1503cc-565d-4fc8-9e0d-bd8b9cc68499","executionRestrictions":{"version":2,"modifiedOn":"2025-05-02 17:07:48","appVer":"3.25042.10","apiId":"/providers/microsoft.powerapps/apis/shared_sql","apiVer":1,"policy":"{\"tabularActions\":{\"[dbo].[migrantes]\":[\"get\"]},\"serviceActions\":[]}"},"iconUri":"https://conn-afd-prod-endpoint-bmc9bqahasf3grgk.b01.azurefd.net/releases/v1.0.1746/1.0.1746.4174/sql/icon.png","dataSources":["migrantes"],"dependencies":[],"dependents":[],"parameterHints":{},"parameterHintsV2":{},"isOnPremiseConnection":false,"sharedConnectionId":"8bf07bef-8c6f-4a5f-8585-94d8f1bd6370","bypassConsent":false,"dataSets":{"default":{"dataSources":{"migrantes":{"tableName":"[dbo].[migrantes]"}}}},"apiTier":"Premium","isCustomApiConnection":false,"authenticationType":"sqlAuthentication","actions":["providers/PowerPlatform.Governance/Operations/Read"],"endpoints":["casa-monarca-database.database.windows.net,DatosMonarca"]}},"databaseReferences":{},"almMode":"Environment","performanceOptimizationEnabled":true,"canConsumeAppPass":true,"enableModernRuntimeMode":false,"executionRestrictions":{"isTeamsOnly":false,"dataLossPreventionEvaluationResult":{"status":"Compliant","lastEvaluationDate":"2025-05-02T17:07:56.0593169Z","violations":[],"violationsByPolicy":[],"violationErrorMessage":"The app uses the following connectors: shared_office365users, shared_planner, shared_office365, shared_onenote, shared_logicflows, shared_sharepointonline, shared_sql."},"httpActionRestriction":{"appUsesSharepointHttpAction":false,"enforcementStrategy":"Legacy","evaluationTime":"2025-06-03T02:43:01.6235975Z"}}},"isAppComponentLibrary":false,"appType":"ClassicCanvasApp","appComponents":[]}}